{"cameraMode":{"drawMode":0,"name":"Shaded","section":"Shading Mode"},"sceneLighting":false,"audioPlay":false,"sceneViewState":{"showFog":true,"showMaterialUpdate":false,"showSkybox":false,"showFlares":true,"showImageEffects":true,"showParticleSystems":true,"showVisualEffectGraphs":true,"m_FxEnabled":true},"in2DMode":false,"pivot":{"x":1.0871548652648926,"y":-4.531945705413818,"z":5.5447845458984379},"rotation":{"x":0.0018358235247433186,"y":-0.9694790244102478,"z":0.24528884887695313,"w":0.007242444436997175},"size":2.6649744510650636,"orthographic":false}