{"cameraMode":{"drawMode":0,"name":"Shaded","section":"Shading Mode"},"sceneLighting":true,"audioPlay":false,"sceneViewState":{"showFog":true,"showMaterialUpdate":false,"showSkybox":true,"showFlares":true,"showImageEffects":true,"showParticleSystems":true,"showVisualEffectGraphs":true,"m_FxEnabled":true},"in2DMode":false,"pivot":{"x":166.12049865722657,"y":8.475997924804688,"z":-25.032169342041017},"rotation":{"x":0.04606751725077629,"y":0.7448524832725525,"z":-0.051711712032556537,"w":0.6636378765106201},"size":15.197076797485352,"orthographic":false}