{"cameraMode":{"drawMode":0,"name":"Shaded","section":"Shading Mode"},"sceneLighting":true,"audioPlay":false,"sceneViewState":{"showFog":true,"showMaterialUpdate":false,"showSkybox":true,"showFlares":true,"showImageEffects":true,"showParticleSystems":true,"showVisualEffectGraphs":true,"m_FxEnabled":true},"in2DMode":false,"pivot":{"x":12.175949096679688,"y":-1.0022945404052735,"z":3.9837875366210939},"rotation":{"x":-0.012083739042282105,"y":0.9742351770401001,"z":-0.21868643164634705,"w":-0.053831350058317187},"size":7.021431922912598,"orthographic":false}